nombre,apellido,dni,email,usuario,contrasena,
German,Lorenz,32022001,germangelv@hotmail.com,germangelv,gelvgelv34,
Gannon,Roach,11448917,mollis@malesuada.org,Lee,Mufutau,
Latifah,Bruce,10583397,massa.Suspendisse.eleifend@dictum.com,Lunea,Mariam,
Mary,Chen,19410805,erat.neque.non@sedliberoProin.co.uk,Hunter,Quon,
Zoe,Castro,14199992,Fusce@odio.edu,Louis,Blythe,
Adena,Howe,31707984,fringilla.purus@tinciduntadipiscingMauris.net,Heidi,William,
Micah,Robbins,24920274,Suspendisse.ac.metus@Curabitur.com,Courtney,Hall,
Tamekah,Dale,25321523,et@ipsumleo.com,Kennan,Uriah,
Joelle,Cardenas,16268198,cursus.et@felisDonec.ca,Pandora,Autumn,
Sage,Rogers,28831348,consectetuer.cursus@Maurismagna.ca,Joseph,Elmo,
Mari,Hardin,38052430,neque.sed@Intinciduntcongue.edu,Nathan,Sopoline,
Boris,Dodson,14567341,orci.sem@gravidasagittisDuis.org,India,Pascale,
Zachary,Tran,36283849,lorem@habitantmorbi.org,Fitzgerald,Elliott,
Brett,Bennett,36530528,eu.tempor.erat@risusNullaeget.org,Constance,Asher,
Logan,Blankenship,28546273,nisi@afeugiat.edu,Ishmael,Dillon,
Hanae,Baldwin,39583005,dui.nec@nibhAliquam.co.uk,Veda,Dylan,
Burton,Wong,29555846,quis@felis.org,Vera,Chadwick,
Isabelle,Chan,13331743,est.ac.facilisis@ullamcorpermagnaSed.net,Keely,Yasir,
Jenna,Henson,19339673,bibendum.sed.est@nibhAliquam.net,Raven,Tucker,
Madonna,Barrera,31383721,facilisis@non.edu,Raja,Willow,
Kuame,Ramos,28792272,mauris.blandit@elitpretiumet.co.uk,Hall,Theodore,
Carolyn,Parks,37413897,amet@utmiDuis.net,Shellie,Kato,
Dante,Dixon,19902559,eu@pellentesquea.ca,Malik,Graham,
George,Whitney,15120311,ut.eros@vehicula.edu,Clayton,Ashton,
Olivia,Lynch,36760434,Integer.vulputate@Etiam.edu,Neil,Fredericka,
Dorian,Puckett,28139183,porttitor.tellus.non@ProinmiAliquam.net,Gretchen,Nola,
Simone,Vaughn,22563723,nec.urna@id.edu,Jordan,Cheyenne,
Nerea,Lambert,25195106,augue.ut@ProinvelitSed.ca,Juliet,Nash,
Cadman,Rosales,14237545,augue@habitantmorbi.net,Joel,Alexis,
Pearl,Hunt,27030194,mi.tempor.lorem@Cras.net,Emerald,Len,
Merritt,Morton,12714952,Cras.convallis.convallis@nisisem.co.uk,Deborah,Troy,
